BTC_ret,ETH_ret
1.0,0.7976905747352493
0.7976905747352493,1.0
